,,model_all,model_all,model_all,model_all,model_all,model_optimal,model_optimal,model_optimal,model_optimal,model_optimal,model_label,model_label,model_label,model_label,model_label,model_feat,model_feat,model_feat,model_feat,model_feat,model_nafa,model_nafa,model_nafa,model_nafa,model_nafa,model_smraed_catc,model_smraed_catc,model_smraed_catc,model_smraed_catc,model_smraed_catc,model_smraed_sumc,model_smraed_sumc,model_smraed_sumc,model_smraed_sumc,model_smraed_sumc,model_smraed_prioc,model_smraed_prioc,model_smraed_prioc,model_smraed_prioc,model_smraed_prioc,model_smraed_,model_smraed_,model_smraed_,model_smraed_,model_smraed_
batch,batch,summary,confusion_matrix,confusion_matrix,confusion_matrix,confusion_matrix,summary,confusion_matrix,confusion_matrix,confusion_matrix,confusion_matrix,summary,confusion_matrix,confusion_matrix,confusion_matrix,confusion_matrix,summary,confusion_matrix,confusion_matrix,confusion_matrix,confusion_matrix,summary,confusion_matrix,confusion_matrix,confusion_matrix,confusion_matrix,summary,confusion_matrix,confusion_matrix,confusion_matrix,confusion_matrix,summary,confusion_matrix,confusion_matrix,confusion_matrix,confusion_matrix,summary,confusion_matrix,confusion_matrix,confusion_matrix,confusion_matrix,summary,confusion_matrix,confusion_matrix,confusion_matrix,confusion_matrix
start,stop,kappa,"(A, A)","(A, B)","(B, A)","(B, B)",kappa,"(A, A)","(A, B)","(B, A)","(B, B)",kappa,"(A, A)","(A, B)","(B, A)","(B, B)",kappa,"(A, A)","(A, B)","(B, A)","(B, B)",kappa,"(A, A)","(A, B)","(B, A)","(B, B)",kappa,"(A, A)","(A, B)","(B, A)","(B, B)",kappa,"(A, A)","(A, B)","(B, A)","(B, B)",kappa,"(A, A)","(A, B)","(B, A)","(B, B)",kappa,"(A, A)","(A, B)","(B, A)","(B, B)"
0,49,,,,,,,,,,,,,,,,,,,,,,,,,,,,,,,,,,,,,,,,,,,,,
50,99,0.593128390596745,29,4,5,12,0.593128390596745,29,4,5,12,0.43289224952741,29,4,8,9,0.593128390596745,29,4,5,12,0.43289224952741,29,4,8,9,0.257425742574257,29,4,11,6,0.257425742574257,29,4,11,6,0.43289224952741,29,4,8,9,0.593128390596745,29,4,5,12
100,149,0.44794952681388,22,2,12,14,0.409448818897638,22,2,13,13,0.294670846394984,22,2,16,10,0.332810047095761,22,2,15,11,0.296875,23,1,17,9,0.33489827856025,23,1,16,10,0.296875,23,1,17,9,0.221183800623053,23,1,19,7,0.33489827856025,23,1,16,10
150,199,0.838709677419355,26,0,4,20,0.919614147909968,26,0,2,22,0.388254486133768,24,2,13,11,0.676375404530744,25,1,7,17,0.38423645320197,26,0,15,9,0.592833876221498,26,0,10,14,0.634146341463415,26,0,9,15,0.592833876221498,26,0,10,14,0.426229508196721,26,0,14,10
200,249,0.88,23,2,1,24,0.84,22,3,1,24,0.72,21,4,3,22,0.76,25,0,6,19,0.36,25,0,16,9,0.68,21,4,4,21,0.68,21,4,4,21,0.68,22,3,5,20,0.52,25,0,12,13
250,299,0.918831168831169,27,1,1,21,0.959612277867528,27,1,0,22,0.72,23,5,2,20,0.708818635607321,27,1,6,16,0.295774647887324,28,0,16,6,0.672131147540984,25,3,5,17,0.708818635607321,27,1,6,16,0.672131147540984,25,3,5,17,0.573378839590444,28,0,10,12
300,349,0.754098360655738,18,2,4,26,0.793388429752066,18,2,3,27,0.52991452991453,13,7,4,26,0.573643410852713,19,1,10,20,0.338235294117647,19,1,17,13,0.516129032258065,16,4,8,22,0.634146341463415,17,3,6,24,0.634146341463415,17,3,6,24,0.402985074626866,19,1,15,15
350,399,0.871355060034305,30,2,1,17,0.913194444444444,31,1,1,17,0.516695957820738,27,5,6,12,0.774774774774775,31,1,4,14,0.463937621832359,31,1,10,8,0.635036496350365,30,2,6,12,0.635036496350365,30,2,6,12,0.604569420035149,28,4,5,13,0.676524953789279,31,1,6,12
400,449,0.796747967479675,26,1,4,19,0.878836833602585,26,1,2,21,0.552845528455285,23,4,7,16,0.546952224052718,25,2,9,14,0.24114671163575,25,2,16,7,0.589490968801314,25,2,8,15,0.634146341463415,24,3,6,17,0.386252045826514,22,5,10,13,0.325463743676223,26,1,15,8
450,499,0.8,22,3,2,23,0.88,24,1,2,23,0.36,18,7,9,16,0.64,24,1,8,17,0.24,24,1,18,7,0.64,23,2,7,18,0.68,23,2,6,19,0.52,21,4,8,17,0.44,24,1,13,12
500,549,0.798061389337641,26,0,5,19,0.798711755233494,25,1,4,20,0.514563106796116,23,3,9,15,0.717285945072698,25,1,6,18,0.304418985270049,24,2,15,9,0.555735056542811,23,3,8,16,0.435483870967742,21,5,9,15,0.76038338658147,22,4,2,22,0.429967426710098,24,2,12,12
550,599,0.72,22,3,4,21,0.68,22,3,5,20,0.44,24,1,13,12,0.56,15,10,1,24,0.52,16,9,3,22,0.4,22,3,12,13,0.44,25,0,14,11,0.48,24,1,12,13,0.52,15,10,2,23
600,649,0.714518760195759,25,3,4,18,0.598070739549839,22,6,4,18,0.345146379044684,14,14,3,19,0.287856071964018,10,18,1,21,0.153166421207658,6,22,1,21,0.535603715170279,17,11,1,21,0.46319018404908,15,13,1,21,0.205748865355522,10,18,3,19,0.246987951807229,10,18,2,20
650,699,0.830508474576271,29,3,1,17,0.826388888888889,30,2,2,16,0.308300395256917,30,2,12,6,0.332344213649852,16,16,2,16,0.332344213649852,16,16,2,16,0.555160142348754,28,4,6,12,0.438202247191011,29,3,9,9,0.543795620437956,29,3,7,11,0.258160237388724,15,17,3,15
700,749,0.786324786324786,29,1,4,16,0.873949579831933,29,1,2,18,0.615384615384615,27,3,6,14,0.53125,20,10,2,18,0.307692307692308,16,14,4,16,0.745762711864407,28,2,4,16,0.608695652173913,28,2,7,13,0.793388429752066,27,3,2,18,0.453125,19,11,3,17
750,799,0.759615384615385,23,3,3,21,0.800637958532695,22,4,1,23,0.600638977635783,20,6,4,20,0.722662440570523,19,7,0,24,0.528301886792453,14,12,0,24,0.440894568690096,18,8,6,18,0.476650563607085,21,5,8,16,0.478330658105939,20,6,7,17,0.526813880126183,15,11,1,23
800,849,0.876441515650741,28,3,0,19,0.916805324459235,29,2,0,19,0.575551782682513,26,5,5,14,0.447717231222386,16,15,0,19,0.195804195804196,9,22,1,18,0.605954465849387,28,3,6,13,0.605954465849387,28,3,6,13,0.510603588907015,23,8,4,15,0.282639885222382,12,19,1,18
850,899,0.840764331210191,24,4,0,22,0.878836833602585,26,2,1,21,0.499229583975347,16,12,1,21,0.468085106382979,14,14,0,22,0.127906976744186,4,24,0,22,0.8,24,4,1,21,0.801901743264659,23,5,0,22,0.761146496815287,23,5,1,21,0.193548387096774,6,22,0,22
900,949,0.878836833602585,26,2,1,21,0.959612277867528,27,1,0,22,0.665551839464883,27,1,7,15,0.572317262830482,18,10,1,21,0.48,20,8,5,17,0.621848739495798,27,1,8,14,0.705882352941176,28,0,7,15,0.533106960950764,27,1,10,12,0.517684887459807,21,7,5,17
950,999,0.793388429752066,18,3,2,27,0.835796387520525,19,2,2,27,0.667221297836938,16,5,3,26,0.617996604414262,14,7,2,27,0.520069808027923,11,10,1,28,0.557165861513688,17,4,7,22,0.557165861513688,17,4,7,22,0.5260663507109,18,3,9,20,0.440619621342513,11,10,3,26
1000,1049,0.957983193277311,30,0,1,19,0.871794871794872,30,0,3,17,0.690265486725664,30,0,7,13,0.573643410852713,20,10,1,19,0.253731343283582,13,17,3,17,0.871794871794872,30,0,3,17,0.786324786324786,29,1,4,16,0.621848739495798,26,4,5,15,0.360902255639098,15,15,2,18
1050,1099,0.959612277867528,27,0,1,22,0.878836833602585,26,1,2,21,0.529042386185243,17,10,2,21,0.494556765163297,15,12,1,22,0.420401854714065,13,14,1,22,0.641148325358852,21,6,3,20,0.529042386185243,17,10,2,21,0.597423510466989,22,5,5,18,0.420401854714065,13,14,1,22
1100,1149,0.837925445705024,20,3,1,26,0.798061389337641,20,3,2,25,0.641148325358852,20,3,6,21,0.626865671641791,14,9,0,27,0.453781512605042,10,13,0,27,0.715447154471545,18,5,2,25,0.756888168557536,19,4,2,25,0.717285945072698,19,4,3,24,0.453781512605042,10,13,0,27
1150,1199,0.780316344463972,30,2,3,15,0.780316344463972,30,2,3,15,0.667931688804554,32,0,7,11,0.316546762589928,14,18,1,17,0.0479548660084626,9,23,4,14,0.504504504504504,28,4,7,11,0.726277372262774,31,1,5,13,0.733096085409253,30,2,4,14,0.0479548660084626,9,23,4,14
1200,1249,0.710743801652893,17,3,4,26,0.710743801652893,17,3,4,26,0.5,14,6,6,24,0.385964912280702,10,10,4,26,0.220183486238532,6,14,3,27,0.552845528455285,16,4,7,23,0.516129032258065,16,4,8,22,0.56,17,3,8,22,0.272727272727273,7,13,3,27
1250,1299,0.879614767255217,25,1,2,22,0.880382775119617,23,3,0,24,0.562798092209857,18,8,3,21,0.566929133858268,15,11,0,24,0.413145539906103,11,15,0,24,0.72,22,4,3,21,0.603174603174603,18,8,2,22,0.598070739549839,22,4,6,18,0.373040752351097,11,15,1,23
1300,1349,0.761526232114467,22,1,5,22,0.761526232114467,22,1,5,22,0.474959612277868,16,7,6,21,0.290484140233723,9,14,3,24,0.0932642487046631,2,21,0,27,0.386252045826514,13,10,5,22,0.464579901153213,13,10,3,24,0.5260663507109,20,3,9,18,0.0932642487046631,2,21,0,27
1350,1399,0.75,17,3,3,27,0.87603305785124,19,1,2,28,0.566929133858268,18,2,9,21,0.392523364485981,7,13,0,30,0.392523364485981,7,13,0,30,0.649122807017544,13,7,1,29,0.754098360655738,18,2,4,26,0.793388429752066,18,2,3,27,0.392523364485981,7,13,0,30
1400,1449,0.920127795527156,24,0,2,24,0.88,23,1,2,24,0.439102564102564,17,7,7,19,0.509803921568627,12,12,0,26,0.132231404958678,4,20,1,25,0.433656957928803,14,10,4,22,0.63884430176565,19,5,4,22,0.478330658105939,17,7,6,20,0.217462932454695,6,18,1,25
1450,1499,0.879614767255217,22,2,1,25,0.919614147909968,22,2,0,26,0.719101123595506,20,4,3,23,0.299835255354201,7,17,0,26,0.214876033057851,5,19,0,26,0.758842443729904,20,4,2,24,0.680511182108626,21,3,5,21,0.601910828025478,21,3,7,19,0.257425742574257,6,18,0,26
1500,1549,0.8,22,3,2,23,0.8,22,3,2,23,0.44,22,3,11,14,0.48,13,12,1,24,0.2,6,19,1,24,0.68,19,6,2,23,0.68,20,5,3,22,0.68,21,4,4,21,0.2,6,19,1,24
1550,1599,0.636510500807754,18,4,5,23,0.717285945072698,19,3,4,24,0.56,18,4,7,21,0.310344827586207,8,14,2,26,0.0213523131672596,2,20,2,26,0.636510500807754,18,4,5,23,0.684542586750789,21,1,7,21,0.643423137876387,20,2,7,21,0.0707964601769913,3,19,2,26
1600,1649,0.84,22,3,1,24,0.8,20,5,0,25,0.44,16,9,5,20,0.32,12,13,4,21,0.08,3,22,1,24,0.4,13,12,3,22,0.64,19,6,3,22,0.44,15,10,4,21,0.2,6,19,1,24
1650,1699,0.959216965742251,21,0,1,28,1,21,0,0,29,0.667221297836938,16,5,3,26,0.662731871838111,15,6,2,27,0.326750448833034,7,14,1,28,0.623115577889447,15,6,3,26,0.756888168557536,19,2,4,25,0.623115577889447,15,6,3,26,0.376114081996435,8,13,1,28
1700,1749,0.84,21,4,0,25,0.8,20,5,0,25,0.48,20,5,8,17,0.24,10,15,4,21,0.16,4,21,0,25,0.68,20,5,3,22,0.6,20,5,5,20,0.64,21,4,5,20,0.16,4,21,0,25
1750,1799,0.879614767255217,22,1,2,25,0.959612277867528,22,1,0,27,0.552845528455285,16,7,4,23,0.586776859504132,14,9,1,26,0.28087986463621,7,16,1,26,0.586776859504132,14,9,1,26,0.753694581280788,17,6,0,27,0.549918166939444,15,8,3,24,0.28087986463621,7,16,1,26
1800,1849,0.84,22,3,1,24,0.92,23,2,0,25,0.48,17,8,5,20,0.36,9,16,0,25,0.24,6,19,0,25,0.76,20,5,1,24,0.6,19,6,4,21,0.68,22,3,5,20,0.28,7,18,0,25
1850,1899,0.837662337662338,20,2,2,26,0.678456591639871,19,3,5,23,0.448217317487267,11,11,2,26,0.363327674023769,10,12,3,25,0.247787610619469,5,17,0,28,0.512987012987013,16,6,6,22,0.629324546952224,16,6,3,25,0.517684887459807,17,5,7,21,0.295774647887324,6,16,0,28
1900,1949,0.877650897226754,20,1,2,27,0.877650897226754,20,1,2,27,0.718196457326892,19,2,5,24,0.214417744916821,4,17,0,29,0.108818011257036,2,19,0,29,0.472759226713532,10,11,1,28,0.572649572649573,13,8,2,27,0.675850891410049,18,3,5,24,0.214417744916821,4,17,0,29
1950,1999,0.879614767255217,22,1,2,25,1,23,0,0,27,0.838969404186795,21,2,2,25,0.540901502504174,12,11,0,27,0.275979557069847,6,17,0,27,0.755301794453507,18,5,1,26,0.756888168557536,19,4,2,25,0.675850891410049,18,5,3,24,0.275979557069847,6,17,0,27
2000,2049,0.919484702093398,22,1,1,26,0.878836833602585,21,2,1,26,0.717285945072698,19,4,3,24,0.457429048414023,11,12,1,26,0.230769230769231,5,18,0,27,0.713584288052373,17,6,1,26,0.67373572593801,17,6,2,25,0.677938808373591,19,4,4,23,0.32088285229202,7,16,0,27
2050,2099,0.753694581280788,26,3,3,18,0.753694581280788,26,3,3,18,0.220103986135182,24,5,13,8,0.357034795763994,14,15,2,19,0.201741654571843,8,21,1,20,0.44,20,9,5,16,0.315619967793881,19,10,7,14,0.306688417618271,20,9,8,13,0.265785609397944,10,19,1,20
2100,2149,0.799357945425361,24,2,3,21,0.72,22,4,3,21,0.48,19,7,6,18,0.405705229793978,15,11,4,20,0.330708661417323,12,14,3,21,0.555735056542811,23,3,8,16,0.600638977635783,20,6,4,20,0.48,19,7,6,18,0.486571879936809,15,11,2,22
2150,2199,0.868651488616462,16,3,0,31,0.823008849557522,15,4,0,31,0.579439252336449,10,9,0,31,0.41972920696325,7,12,0,31,0.188640973630832,3,16,0,31,0.646017699115044,13,6,2,29,0.575551782682513,14,5,5,26,0.566724436741768,13,6,4,27,0.306930693069307,5,14,0,31
2200,2249,0.920127795527156,24,0,2,24,0.719101123595506,20,4,3,23,0.439102564102564,17,7,7,19,0.306688417618271,10,14,3,23,0.304418985270049,9,15,2,24,0.435483870967742,15,9,5,21,0.557165861513688,17,7,4,22,0.431818181818182,13,11,3,23,0.304418985270049,9,15,2,24
2250,2299,0.87603305785124,19,2,1,28,0.87603305785124,19,2,1,28,0.507389162561576,15,6,6,23,0.520069808027923,11,10,1,28,0.316939890710382,6,15,0,29,0.513776337115073,16,5,7,22,0.594813614262561,17,4,6,23,0.667221297836938,16,5,3,26,0.367088607594937,7,14,0,29
2300,2349,0.758454106280193,20,3,3,24,0.68,20,3,5,22,0.471544715447154,15,8,5,22,0.290484140233723,9,14,3,24,0.275979557069847,6,17,0,27,0.634146341463415,17,6,3,24,0.474959612277868,16,7,6,21,0.510603588907015,15,8,4,23,0.275979557069847,6,17,0,27
2350,2399,0.745762711864407,16,4,2,28,0.830508474576271,17,3,1,29,0.710743801652893,17,3,4,26,0.608695652173913,13,7,2,28,0.649122807017544,13,7,1,29,0.590163934426229,16,4,6,24,0.566929133858268,18,2,9,21,0.568965517241379,13,7,3,27,0.655172413793103,14,6,2,28
2400,2449,0.8,22,3,2,23,0.8,22,3,2,23,0.6,24,1,9,16,0.48,14,11,2,23,0.48,15,10,3,22,0.68,22,3,5,20,0.56,23,2,9,16,0.6,19,6,4,21,0.56,16,9,2,23
2450,2499,0.792013311148086,17,0,5,28,0.700854700854701,15,2,5,28,0.455445544554455,8,9,2,31,0.502712477396022,11,6,5,28,0.437627811860941,7,10,1,32,0.44954128440367,10,7,5,28,0.480069324090121,12,5,7,26,0.394785847299814,9,8,5,28,0.437627811860941,7,10,1,32
2500,2549,0.911032028469751,16,0,2,32,0.816176470588235,14,2,2,32,0.324324324324324,6,10,3,31,0.661508704061896,11,5,2,32,0.229074889867841,4,12,2,32,0.591836734693878,9,7,1,33,0.606299212598425,10,6,2,32,0.549098196392786,9,7,2,32,0.157303370786517,3,13,2,32
2550,2599,0.789915966386555,17,2,3,28,0.785591766723842,16,3,2,29,0.494556765163297,17,2,11,20,0.653379549393414,14,5,3,28,0.497257769652651,10,9,2,29,0.584026622296173,15,4,6,25,0.453781512605042,13,6,7,24,0.334442595673877,12,7,9,22,0.646017699115044,13,6,2,29
2600,2649,0.838969404186795,21,2,2,25,0.919484702093398,22,1,1,26,0.504132231404959,13,10,2,25,0.67373572593801,17,6,2,25,0.32088285229202,7,16,0,27,0.513776337115073,16,7,5,22,0.343185550082102,12,11,5,22,0.474959612277868,16,7,6,21,0.49748743718593,11,12,0,27
2650,2699,1,26,0,0,24,0.96,25,1,0,24,0.604430379746835,17,9,1,23,0.644549763033175,17,9,0,24,0.148606811145511,4,22,0,24,0.56418383518225,17,9,2,22,0.526813880126183,15,11,1,23,0.603174603174603,18,8,2,22,0.148606811145511,4,22,0,24
2700,2749,0.799357945425361,21,3,2,24,0.83974358974359,22,2,2,24,0.642289348171701,22,2,7,19,0.517684887459807,17,7,5,21,0.555735056542811,16,8,3,23,0.599358974358974,19,5,5,21,0.398073836276083,16,8,7,19,0.519230769230769,18,6,6,20,0.516129032258065,16,8,4,22
2750,2799,0.879614767255217,25,1,2,22,0.88,24,2,1,23,0.56418383518225,17,9,2,22,0.682539682539683,19,7,1,23,0.44620253164557,15,11,3,21,0.481658692185008,18,8,5,19,0.483306836248013,17,9,4,20,0.481658692185008,18,8,5,19,0.603174603174603,18,8,2,22
2800,2849,0.873949579831933,18,2,1,29,0.873949579831933,18,2,1,29,0.482758620689655,12,8,4,26,0.553571428571429,11,9,1,29,0.339622641509434,6,14,0,30,0.754098360655738,18,2,4,26,0.75,17,3,3,27,0.396551724137931,11,9,5,25,0.285714285714286,5,15,0,30
2850,2899,0.919871794871795,25,1,1,23,0.88,24,2,1,23,0.342105263157895,26,0,16,8,0.56418383518225,17,9,2,22,0.486571879936809,15,11,2,22,0.635332252836305,25,1,8,16,0.474959612277868,22,4,9,15,0.435483870967742,21,5,9,15,0.525316455696203,16,10,2,22
2900,2949,0.871355060034305,17,1,2,30,0.826388888888889,16,2,2,30,0.348697394789579,6,12,1,31,0.543795620437956,11,7,3,29,0.163179916317992,3,15,1,31,0.667931688804554,11,7,0,32,0.625468164794007,11,7,1,31,0.505928853754941,8,10,0,32,0.22680412371134,4,14,1,31
2950,2999,0.96,24,0,1,25,0.920127795527156,24,0,2,24,0.800637958532695,23,1,4,22,0.554294975688817,15,9,2,24,0.388254486133768,11,13,2,24,0.761904761904762,24,0,6,20,0.483306836248013,20,4,9,17,0.598070739549839,18,6,4,22,0.429967426710098,12,12,2,24
3000,3049,0.793388429752066,18,2,3,27,0.705882352941176,16,4,3,27,0.741379310344828,15,5,1,29,0.453781512605042,13,7,6,24,0.285714285714286,8,12,4,26,0.568965517241379,13,7,3,27,0.789915966386555,17,3,2,28,0.495412844036697,9,11,0,30,0.347826086956522,10,10,5,25
3050,3099,0.84,23,2,2,23,0.8,22,3,2,23,0.64,22,3,6,19,0.48,15,10,3,22,0.52,17,8,4,21,0.72,23,2,5,20,0.68,23,2,6,19,0.76,21,4,2,23,0.56,18,7,4,21
3100,3149,0.8,22,3,2,23,0.84,24,1,3,22,0.56,22,3,8,17,0.6,15,10,0,25,0.36,9,16,0,25,0.44,23,2,12,13,0.36,25,0,16,9,0.64,20,5,4,21,0.36,9,16,0,25
3150,3199,0.837662337662338,26,2,2,20,0.877650897226754,27,1,2,20,0.431818181818182,21,7,7,15,0.572317262830482,18,10,1,21,0.294205052005944,9,19,0,22,0.678456591639871,23,5,3,19,0.675324675324675,24,4,4,18,0.761146496815287,23,5,1,21,0.294205052005944,9,19,0,22
3200,3249,0.68,23,6,2,19,0.675850891410049,24,5,3,18,0.297520661157025,21,8,9,12,0.432739059967585,21,8,6,15,0.254317111459968,16,13,6,15,0.409780775716695,24,5,9,12,0.316239316239316,24,5,11,10,0.351701782820097,20,9,7,14,0.254317111459968,16,13,6,15
3250,3299,0.798061389337641,20,3,2,25,0.879614767255217,22,1,2,25,0.84,22,1,3,24,0.631751227495908,16,7,2,25,0.543946932006633,13,10,1,26,0.758454106280193,20,3,3,24,0.641148325358852,20,3,6,21,0.720893141945774,21,2,5,22,0.504132231404959,13,10,2,25
3300,3349,0.705882352941176,27,3,4,16,0.830508474576271,29,1,3,17,0.462809917355372,23,7,6,14,0.496124031007752,19,11,2,18,0.316546762589928,11,19,0,20,0.583333333333333,25,5,5,15,0.590163934426229,24,6,4,16,0.508196721311475,23,7,5,15,0.37037037037037,14,16,1,19
3350,3399,0.956063268892794,32,1,0,17,0.956063268892794,32,1,0,17,0.724770642201835,31,2,4,13,0.486571879936809,22,11,2,15,0.318507890961263,15,18,1,16,0.81651376146789,32,1,3,14,0.81651376146789,32,1,3,14,0.780316344463972,30,3,2,15,0.318507890961263,15,18,1,16
3400,3449,0.959216965742251,28,0,1,21,0.876441515650741,28,0,3,19,0.44794952681388,18,10,4,18,0.427480916030534,14,14,1,21,0.0875912408759124,4,24,1,21,0.512987012987013,22,6,6,16,0.598070739549839,22,6,4,18,0.517684887459807,21,7,5,17,0.0875912408759124,4,24,1,21
3450,3499,0.781085814360771,30,4,1,15,0.816176470588235,32,2,2,14,0.37137330754352,29,5,8,8,0.572317262830482,23,11,0,16,0.220963172804533,14,20,2,14,0.392523364485981,28,6,7,9,0.468085106382979,30,4,7,9,0.177949709864603,27,7,10,6,0.246771879483501,15,19,2,14
3500,3549,0.512670565302144,31,8,2,9,0.65034965034965,36,3,3,8,0.484536082474227,32,7,3,8,0.32998324958124,25,14,2,9,0.192364170337739,19,20,2,9,0.562363238512035,34,5,3,8,0.379232505643341,33,6,5,6,0.492099322799097,34,5,4,7,0.234303215926493,21,18,2,9
3550,3599,0.710743801652893,26,4,3,17,0.793388429752066,27,3,2,18,0.661016949152542,27,3,5,15,0.538461538461538,19,11,1,19,0.4,20,10,5,15,0.358974358974359,24,6,9,11,0.444444444444444,25,5,8,12,0.310344827586207,24,6,10,10,0.523809523809524,21,9,3,17
3600,3649,0.915254237288135,30,0,2,18,0.871794871794872,30,0,3,17,0.608695652173913,28,2,7,13,0.411764705882353,14,16,0,20,0.202898550724638,10,20,2,18,0.504504504504504,29,1,10,10,0.601769911504425,29,1,8,12,0.403669724770642,29,1,12,8,0.244604316546762,10,20,1,19
3650,3699,0.757281553398058,33,3,2,12,0.746450304259635,34,2,3,11,0.309978768577495,31,5,8,6,0.338235294117647,19,17,1,13,0.217687074829932,14,22,1,13,0.603174603174603,32,4,4,10,0.660194174757282,32,4,3,11,0.442190669371197,31,5,6,8,0.240331491712707,15,21,1,13
3700,3749,0.653379549393414,28,3,5,14,0.686940966010734,30,1,6,13,0.0757855822550833,25,6,14,5,0.351145038167939,17,14,3,16,0.124087591240876,11,20,4,15,0.299065420560748,28,3,12,7,0.329159212880143,26,5,10,9,-0.0521042084168337,28,3,18,1,0.0795287187039764,11,20,5,14
3750,3799,0.80952380952381,33,2,2,13,0.854368932038835,34,1,2,13,0.736842105263158,35,0,5,10,0.534883720930232,23,12,0,15,0.416058394160584,19,16,0,15,0.672897196261682,31,4,3,12,0.563106796116505,31,4,5,10,0.801980198019802,34,1,3,12,0.416058394160584,19,16,0,15
3800,3849,0.959612277867528,27,0,1,22,0.918962722852512,27,0,2,21,0.49748743718593,27,0,12,11,0.645669291338583,19,8,1,22,0.491392801251956,16,11,2,21,0.461028192371476,25,2,11,12,0.634146341463415,24,3,6,17,0.504132231404959,25,2,10,13,0.5260663507109,18,9,3,20
3850,3899,0.628099173553719,25,4,5,16,0.835796387520525,27,2,2,19,0.480069324090121,27,2,10,11,0.476650563607085,21,8,5,16,0.210110584518167,16,13,7,14,0.589490968801314,24,5,5,16,0.551386623164763,23,6,5,16,0.448217317487267,25,4,9,12,0.210110584518167,16,13,7,14
3900,3949,0.720893141945774,21,2,5,22,0.761526232114467,22,1,5,22,0.647887323943662,23,0,9,18,0.432739059967585,15,8,6,21,0.481658692185008,18,5,8,19,0.453978159126365,21,2,12,15,0.488188976377953,20,3,10,17,0.488188976377953,20,3,10,17,0.481658692185008,18,5,8,19
3950,3999,0.830220713073005,29,2,2,17,0.830220713073005,29,2,2,17,0.45750452079566,28,3,9,10,0.427480916030534,18,13,2,17,0.22425952045134,10,21,1,18,0.653379549393414,28,3,5,14,0.614065180102916,27,4,5,14,0.547920433996383,29,2,8,11,0.27007299270073,13,18,2,17
4000,4049,0.733096085409253,30,4,2,14,0.693520140105079,29,5,2,14,0.540441176470588,29,5,5,11,0.568965517241379,27,7,3,13,0.377224199288256,26,8,6,10,0.644128113879004,29,5,3,13,0.43267776096823,20,14,1,15,0.485981308411215,29,5,6,10,0.396551724137931,25,9,5,11
4050,4099,0.758842443729904,24,2,4,20,0.719101123595506,23,3,4,20,0.390243902439024,23,3,12,12,0.444444444444444,16,10,4,20,-0.10410094637224,7,19,9,15,0.34640522875817,24,2,14,10,0.308943089430894,22,4,13,11,0.306688417618271,23,3,14,10,-0.066350710900474,8,18,9,15
4100,4149,0.798061389337641,25,2,3,20,0.758454106280193,24,3,3,20,0.56418383518225,19,8,3,20,0.641148325358852,21,6,3,20,0.413145539906103,15,12,3,20,0.510603588907015,23,4,8,15,0.523052464228935,19,8,4,19,0.6,21,6,4,19,0.488188976377953,17,10,3,20
4150,4199,0.878048780487805,27,0,3,20,0.837925445705024,26,1,3,20,0.365482233502538,27,0,15,8,0.566929133858268,18,9,2,21,0.34715821812596,11,16,1,22,0.453781512605042,27,0,13,10,0.417637271214642,25,2,12,11,0.285714285714286,25,2,15,8,0.306625577812018,11,16,2,21
4200,4249,0.8,22,3,2,23,0.72,19,6,1,24,0.36,10,15,1,24,0.56,15,10,1,24,0.28,8,17,1,24,0.52,16,9,3,22,0.4,12,13,2,23,0.32,14,11,6,19,0.36,10,15,1,24
4250,4299,0.838969404186795,21,2,2,25,0.878836833602585,21,2,1,26,0.67373572593801,17,6,2,25,0.631751227495908,16,7,2,25,0.504132231404959,13,10,2,25,0.84,22,1,3,24,0.798061389337641,20,3,2,25,0.310872894333844,22,1,17,10,0.464579901153213,13,10,3,24
4300,4349,0.878836833602585,26,1,2,21,0.84,24,3,1,22,0.713584288052373,26,1,6,17,0.801901743264659,22,5,0,23,0.643423137876387,20,7,2,21,0.756888168557536,25,2,4,19,0.800637958532695,23,4,1,22,0.555735056542811,22,5,6,17,0.56418383518225,19,8,3,20
4350,4399,0.53781512605042,25,6,5,14,0.566724436741768,27,4,6,13,0.229583975346687,16,15,5,14,0.339035769828927,18,13,4,15,0.251247920133111,21,10,8,11,0.153166421207658,12,19,4,15,0.331352154531947,15,16,2,17,0.182076813655761,10,21,2,17,0.382207578253707,22,9,6,13
4400,4449,0.96,25,1,0,24,0.96,25,1,0,24,0.523809523809524,17,9,3,21,0.682539682539683,19,7,1,23,0.211356466876972,11,15,5,19,0.328593996840442,13,13,4,20,0.369085173501577,13,13,3,21,0.371069182389937,12,14,2,22,0.287974683544304,13,13,5,19
4450,4499,0.675324675324675,24,4,4,18,0.72,23,5,2,20,0.369085173501577,17,11,5,17,0.422187981510015,15,13,2,20,0.43267776096823,13,15,0,22,0.474959612277868,21,7,6,16,0.517684887459807,21,7,5,17,0.405705229793978,18,10,5,17,0.43267776096823,13,15,0,22
4500,4549,0.68,17,8,0,25,0.72,18,7,0,25,0.44,12,13,1,24,0.48,12,13,0,25,0.12,4,21,1,24,0.44,14,11,3,22,0.36,18,7,9,16,0.44,11,14,0,25,0.24,6,19,0,25
4550,4599,0.839228295819936,25,1,3,21,0.83974358974359,24,2,2,22,0.601910828025478,19,7,3,21,0.488188976377953,14,12,1,23,0.221183800623053,7,19,1,23,0.717285945072698,25,1,6,18,0.557165861513688,22,4,7,17,0.562798092209857,18,8,3,21,0.33489827856025,10,16,1,23
4600,4649,0.710743801652893,26,4,3,17,0.745762711864407,28,2,4,16,0.454545454545455,29,1,11,9,0.46969696969697,17,13,1,19,0.253731343283582,13,17,3,17,0.508196721311475,23,7,5,15,0.655172413793103,28,2,6,14,0.473684210526316,27,3,9,11,0.233576642335766,11,19,2,18
4650,4699,0.8,23,2,3,22,0.76,23,2,4,21,0.56,18,7,4,21,0.36,10,15,1,24,0.2,6,19,1,24,0.6,23,2,8,17,0.52,24,1,11,14,0.36,15,10,6,19,0.16,5,20,1,24
4700,4749,0.840255591054313,23,1,3,23,0.88,23,1,2,24,0.392220421393841,13,11,4,22,0.557165861513688,17,7,4,22,0.174917491749175,5,19,1,25,0.681528662420382,22,2,6,20,0.522292993630573,20,4,8,18,0.678456591639871,19,5,3,23,0.174917491749175,5,19,1,25
4750,4799,0.84,22,3,1,24,0.84,22,3,1,24,0.52,21,4,8,17,0.52,16,9,3,22,0.2,7,18,2,23,0.48,22,3,10,15,0.4,23,2,13,12,0.4,18,7,8,17,0.32,10,15,2,23
4800,4849,0.959871589085072,26,1,0,23,0.959871589085072,26,1,0,23,0.677938808373591,23,4,4,19,0.724409448818898,20,7,0,23,0.279210925644917,8,19,0,23,0.636510500807754,23,4,5,18,0.552845528455285,23,4,7,16,0.684044233807267,20,7,1,22,0.387442572741194,11,16,0,23
4850,4899,0.758842443729904,24,4,2,20,0.798061389337641,25,3,2,20,0.64,22,6,3,19,0.458204334365325,16,12,2,20,0.246987951807229,10,18,2,20,0.71169686985173,26,2,5,17,0.665551839464883,27,1,7,15,0.66887417218543,26,2,6,16,0.281391830559758,11,17,2,20
4900,4949,0.96,24,0,1,25,0.96,24,0,1,25,0.67948717948718,20,4,4,22,0.717285945072698,18,6,1,25,0.38423645320197,9,15,0,26,0.601910828025478,21,3,7,19,0.483306836248013,20,4,9,17,0.600638977635783,20,4,6,20,0.509803921568627,12,12,0,26
4950,4999,0.642289348171701,22,7,2,19,0.646781789638933,21,8,1,20,0.368088467614534,18,11,5,16,0.182763744427935,10,19,3,18,0.025974025974026,5,24,3,18,0.584026622296173,25,4,6,15,0.545454545454545,24,5,6,15,0.36,19,10,6,15,0.025974025974026,5,24,3,18
5000,5049,0.959612277867528,27,0,1,22,0.878836833602585,26,1,2,21,0.552845528455285,23,4,7,16,0.686028257456829,19,8,0,23,0.38366718027735,12,15,1,22,0.592169657422512,24,3,7,16,0.552845528455285,23,4,7,16,0.677938808373591,23,4,4,19,0.457364341085271,14,13,1,22
5050,5099,0.800637958532695,22,4,1,23,0.840255591054313,23,3,1,23,0.326465927099842,14,12,5,19,0.21875,8,18,2,22,-0.00619195046439613,2,24,2,22,0.525316455696203,16,10,2,22,0.682539682539683,19,7,1,23,0.449685534591195,13,13,1,23,0.0310077519379844,3,23,2,22
5100,5149,0.879614767255217,22,2,1,25,0.88,23,1,2,24,0.367088607594937,20,4,12,14,0.555735056542811,16,8,3,23,0.172185430463576,4,20,0,26,0.486571879936809,22,2,11,15,0.56418383518225,22,2,9,17,0.405705229793978,20,4,11,15,0.38423645320197,9,15,0,26
5150,5199,0.76038338658147,22,4,2,22,0.8,23,3,2,22,0.442675159235669,17,9,5,19,0.489795918367347,13,13,0,24,0.261275272161742,7,19,0,24,0.403815580286168,16,10,5,19,0.401913875598086,17,9,6,18,0.437299035369775,20,6,8,16,0.261275272161742,7,19,0,24
5200,5249,0.957983193277311,19,1,0,30,0.916666666666667,19,1,1,29,0.384615384615385,17,3,13,17,0.324324324324324,8,12,3,27,0.220183486238532,6,14,3,27,0.596774193548387,17,3,7,23,0.666666666666667,16,4,4,26,0.482758620689655,12,8,4,26,0.259259259259259,6,14,2,28
5250,5299,0.84,23,2,2,23,0.84,23,2,2,23,0.44,16,9,5,20,0.52,16,9,3,22,0.12,3,22,0,25,0.6,18,7,3,22,0.52,18,7,5,20,0.56,18,7,4,21,0.32,8,17,0,25
5300,5349,0.871355060034305,17,1,2,30,0.913194444444444,17,1,1,31,0.356775300171527,11,7,8,24,0.491682070240296,10,8,3,29,0.209486166007905,5,13,3,29,0.438202247191011,9,9,3,29,0.383301707779886,8,10,3,29,0.414414414414414,10,8,5,27,0.326923076923077,7,11,3,29
5350,5399,0.8,21,4,1,24,0.84,21,4,0,25,0.72,21,4,3,22,0.52,15,10,2,23,0.2,9,16,4,21,0.64,18,7,2,23,0.68,19,6,2,23,0.68,19,6,2,23,0.2,9,16,4,21
5400,5449,0.8,22,3,2,23,0.8,23,2,3,22,0.64,19,6,3,22,0.48,13,12,1,24,0.32,10,15,2,23,0.52,16,9,3,22,0.6,18,7,3,22,0.68,19,6,2,23,0.36,11,14,2,23
5450,5499,0.754098360655738,18,4,2,26,0.794069192751236,18,4,1,27,0.53781512605042,13,9,2,26,0.488054607508532,11,11,1,27,0.199288256227758,4,18,0,28,0.488054607508532,11,11,1,27,0.665551839464883,15,7,1,27,0.488054607508532,11,11,1,27,0.247787610619469,5,17,0,28
5500,5549,0.702970297029703,11,2,4,33,0.702970297029703,11,2,4,33,0.0909090909090908,2,11,3,34,0.422632794457275,6,7,3,34,0,0,13,0,37,0.350649350649351,4,9,1,36,0.307304785894206,4,9,2,35,0.307304785894206,4,9,2,35,0.109792284866469,1,12,0,37
5550,5599,0.959871589085072,23,1,0,26,0.879227053140097,21,3,0,26,0.431818181818182,13,11,3,23,0.474959612277868,15,9,4,22,0.225122349102773,9,15,4,22,0.352750809061489,13,11,5,21,0.149108589951378,10,14,7,19,0.474959612277868,15,9,4,22,0.350649350649351,12,12,4,22
5600,5649,0.827586206896552,16,0,4,30,0.868651488616462,16,0,3,31,0.485981308411215,10,6,5,29,0.364406779661017,6,10,2,32,0.0449438202247191,2,14,3,31,0.429657794676806,9,7,5,29,0.310344827586207,10,6,10,24,0.37137330754352,8,8,5,29,0.190064794816415,4,12,3,31
5650,5699,0.790619765494137,17,1,4,28,0.790619765494137,17,1,4,28,0.699828473413379,15,3,4,28,0.667931688804554,11,7,0,32,0.463937621832359,8,10,1,31,0.692442882249561,14,4,3,29,0.652777777777778,14,4,4,28,0.644128113879004,13,5,3,29,0.573055028462998,10,8,1,31
5700,5749,0.717285945072698,18,6,1,25,0.717285945072698,18,6,1,25,0.433656957928803,14,10,4,22,0.390243902439024,12,12,3,23,0.0953947368421053,5,19,3,23,0.594155844155844,15,9,1,25,0.67741935483871,18,6,2,24,0.512987012987013,14,10,2,24,0.0983606557377049,6,18,4,22
5750,5799,0.75,17,3,3,27,0.793388429752066,18,2,3,27,0.521739130434783,12,8,3,27,0.424778761061947,10,10,3,27,0.0594059405940596,1,19,0,30,0.473684210526316,11,9,3,27,0.424778761061947,10,10,3,27,0.513274336283186,11,9,2,28,0.230769230769231,4,16,0,30
5800,5849,0.871355060034305,17,1,2,30,0.911032028469751,16,2,0,32,0.774774774774775,14,4,1,31,0.466192170818505,11,7,5,27,0.269005847953216,6,12,3,29,0.644128113879004,13,5,3,29,0.733096085409253,14,4,2,30,0.635036496350365,12,6,2,30,0.438202247191011,9,9,3,29
5850,5899,0.79253112033195,11,3,1,35,0.79253112033195,11,3,1,35,0.522292993630573,8,6,3,33,0.355971896955503,5,9,2,34,0.193548387096774,2,12,0,36,0.404761904761905,8,6,6,30,0.466019417475728,9,5,6,30,0.543610547667343,9,5,4,32,0.281984334203655,3,11,0,36
5900,5949,0.864864864864865,15,3,0,32,0.956063268892794,17,1,0,32,0.594594594594595,12,6,3,29,0.543795620437956,11,7,3,29,0.22680412371134,4,14,1,31,0.739583333333333,15,3,3,29,0.739583333333333,15,3,3,29,0.661016949152542,15,3,5,27,0.22680412371134,4,14,1,31
5950,5999,0.823008849557522,15,4,0,31,0.776386404293381,14,5,0,31,0.44547134935305,9,10,2,29,0.260628465804066,7,12,4,27,0.127310061601643,2,17,0,31,0.392523364485981,8,11,2,29,0.392523364485981,8,11,2,29,0.392523364485981,8,11,2,29,0.248496993987976,4,15,0,31
6000,6049,0.644128113879004,13,5,3,29,0.733096085409253,14,4,2,30,0.383301707779886,8,10,3,29,0.383301707779886,8,10,3,29,0.163179916317992,3,15,1,31,0.383301707779886,8,10,3,29,0.531835205992509,10,8,2,30,0.214417744916821,7,11,6,26,0.248496993987976,5,13,2,30
6050,6099,0.796084828711256,19,2,3,26,0.879227053140097,21,0,3,26,0.393414211438475,10,11,3,26,0.487179487179487,12,9,3,26,0.236983842010772,6,15,2,27,0.480069324090121,11,10,2,27,0.472759226713532,10,11,1,28,0.494097807757167,13,8,4,25,0.247787610619469,7,14,3,26
6100,6149,0.6,22,7,3,18,0.63768115942029,23,6,3,18,0.306625577812018,15,14,4,17,0.331352154531947,12,17,1,20,0.233576642335766,9,20,1,20,0.496124031007752,18,11,2,19,0.418604651162791,17,12,3,18,0.349157733537519,15,14,3,18,0.298375184638109,11,18,1,20
6150,6199,0.878836833602585,26,1,2,21,0.837925445705024,26,1,3,20,0.6,21,6,4,19,0.351145038167939,10,17,0,23,0.137931034482759,4,23,0,23,0.677938808373591,23,4,4,19,0.675850891410049,24,3,5,18,0.429037520391517,22,5,9,14,0.315068493150685,9,18,0,23
6200,6249,0.733096085409253,30,4,2,14,0.733096085409253,30,4,2,14,0.581939799331104,26,8,2,14,0.300441826215022,17,17,2,14,0.273255813953488,16,18,2,14,0.429657794676806,29,5,7,9,0.593128390596745,29,5,4,12,0.431818181818182,23,11,3,13,0.300441826215022,17,17,2,14
6250,6299,0.661508704061896,32,5,2,11,0.661508704061896,32,5,2,11,0.393414211438475,26,11,3,10,0.354375896700144,19,18,0,13,0.261744966442953,15,22,0,13,0.520255863539446,33,4,5,8,0.645030425963489,33,4,3,10,0.37137330754352,29,8,5,8,0.261744966442953,15,22,0,13
6300,6349,0.854368932038835,34,1,2,13,0.951456310679612,35,0,1,14,0.545454545454545,32,3,6,9,0.388489208633093,18,17,0,15,0.23841059602649,12,23,0,15,0.56989247311828,34,1,7,8,0.587628865979381,33,2,6,9,0.438202247191011,34,1,9,6,0.335664335664336,16,19,0,15
6350,6399,0.847870182555781,35,1,2,12,0.801587301587302,34,2,2,12,0.590163934426229,36,0,7,7,0.338235294117647,19,17,1,13,0.240331491712707,15,21,1,13,0.365482233502538,36,0,10,4,0.399038461538462,35,1,9,5,0.365482233502538,36,0,10,4,0.287749287749288,17,19,1,13
6400,6449,0.788732394366197,40,0,3,7,0.788732394366197,40,0,3,7,0.193548387096774,38,2,8,2,0.0559440559440559,16,24,3,7,-0.0365853658536586,9,31,3,7,0.193548387096774,38,2,8,2,0.193548387096774,38,2,8,2,0.0677966101694916,38,2,9,1,-0.0365853658536586,9,31,3,7
6450,6499,0.147727272727273,36,2,10,2,0.289772727272727,37,1,9,3,0.246575342465754,36,2,9,3,0.0921787709497207,15,23,3,9,0.163568773234201,11,27,0,12,0.233128834355828,38,0,10,2,0.52054794520548,38,0,7,5,0,38,0,12,0,0.0885416666666666,12,26,2,10
6500,6549,0.696356275303644,43,0,3,4,0.696356275303644,43,0,3,4,0.45141065830721,39,4,3,4,0.139167862266858,20,23,1,6,0.0897269180754225,16,27,1,6,0.734982332155477,42,1,2,5,0.667774086378738,41,2,2,5,0.407582938388626,43,0,5,2,0.0897269180754225,16,27,1,6
6550,6599,0.696356275303644,43,0,3,4,0.563318777292576,43,0,4,3,0.501661129568106,40,3,3,4,0.21090387374462,21,22,0,7,0.0690032858707557,9,34,0,7,0.501661129568106,40,3,3,4,0.647887323943662,39,4,1,6,0,43,0,7,0,0.0877993158494869,11,32,0,7
6600,6649,0.50199203187251,42,0,5,3,0.626865671641791,42,0,4,4,0,42,0,8,0,0.0418118466898955,24,18,4,4,0.0418118466898955,24,18,4,4,0.193548387096774,42,0,7,1,0.193548387096774,42,0,7,1,0,42,0,8,0,0.0418118466898955,24,18,4,4
6650,6699,0.72972972972973,45,0,2,3,0.545454545454545,45,0,3,2,-0.0344827586206895,44,1,5,0,0.00990099009901002,28,17,3,2,0.0449438202247191,31,14,3,2,-0.0810810810810809,42,3,5,0,0.146341463414634,42,3,4,1,0,45,0,5,0,0.0206185567010309,29,16,3,2
6700,6749,0.878048780487805,45,0,1,4,0.878048780487805,45,0,1,4,0.545454545454545,45,0,3,2,0.26605504587156,29,16,0,5,0.269662921348315,33,12,1,4,0.634146341463415,44,1,2,3,0.878048780487805,45,0,1,4,0,45,0,5,0,0.22680412371134,31,14,1,4
6750,6799,0.736842105263158,42,0,3,5,0.736842105263158,42,0,3,5,0,42,0,8,0,0.16,23,19,2,6,0.236983842010772,27,15,2,6,0.358974358974359,42,0,6,2,0.358974358974359,42,0,6,2,0,42,0,8,0,0.28087986463621,26,16,1,7
6800,6849,0.380165289256198,46,0,3,1,0.647887323943662,46,0,2,2,0,46,0,4,0,0.0137221269296741,25,21,2,2,0.055232558139535,21,25,1,3,0,46,0,4,0,0.380165289256198,46,0,3,1,0,46,0,4,0,0.0712074303405574,23,23,1,3
6850,6899,0.545454545454545,45,0,3,2,0.545454545454545,45,0,3,2,0.310344827586207,45,0,4,1,0.108527131782946,23,22,1,4,0.0598290598290597,25,20,2,3,0.310344827586207,45,0,4,1,0.310344827586207,45,0,4,1,0,45,0,5,0,0.0598290598290597,25,20,2,3
6900,6949,0.672131147540984,41,0,4,5,0.766355140186916,41,0,3,6,0,41,0,9,0,0.220032840722496,24,17,2,7,0.113475177304965,18,23,2,7,0.508196721311475,40,1,5,4,0.394463667820069,40,1,6,3,0.170124481327801,41,0,8,1,0.0984743411927879,17,24,2,7
6950,6999,0.407582938388626,43,0,5,2,0.344978165938865,42,1,5,2,0,43,0,7,0,-0.0186757215619693,23,20,4,3,0.0795287187039764,20,23,2,5,0.170616113744076,42,1,6,1,0.170616113744076,42,1,6,1,0.22279792746114,43,0,6,1,-0.0590015128593042,19,24,4,3
7000,7049,0.534883720930232,23,0,12,15,0.722662440570523,22,1,6,21,0.279210925644917,23,0,19,8,0.217462932454695,10,13,6,21,0.0932642487046631,2,21,0,27,0.420401854714065,22,1,14,13,0.37984496124031,21,2,14,13,0.068554396423249,23,0,25,2,0.139414802065405,3,20,0,27
7050,7099,0.641148325358852,21,6,3,20,0.634146341463415,24,3,6,17,0.251247920133111,23,4,14,9,0.315068493150685,9,18,0,23,0.068554396423249,2,25,0,23,0.28,17,10,8,15,0.409448818897638,16,11,4,19,0.168053244592346,22,5,15,8,0.103139013452915,3,24,0,23
7100,7149,0.871794871794872,30,3,0,17,0.910873440285205,32,1,1,16,0.295774647887324,30,3,11,6,0.246771879483501,14,19,2,15,0.26367461430575,13,20,1,16,0.593128390596745,29,4,5,12,0.604569420035149,28,5,4,13,0.247311827956989,32,1,13,4,0.290780141843972,14,19,1,16
7150,7199,0.837925445705024,20,1,3,26,0.793388429752066,18,3,2,27,0.462809917355372,14,7,6,23,0.520069808027923,11,10,1,28,0.18625678119349,5,16,2,27,0.384885764499121,9,12,2,27,0.376114081996435,8,13,1,28,0.52,17,4,8,21,0.225865209471767,5,16,1,28
7200,7249,0.8,22,2,3,23,0.83974358974359,22,2,2,24,0.525316455696203,22,2,10,16,0.222585924713584,8,16,3,23,0.180327868852459,7,17,3,23,0.440894568690096,18,6,8,18,0.439102564102564,17,7,7,19,0.367088607594937,20,4,12,14,0.180327868852459,7,17,3,23
7250,7299,0.67373572593801,25,2,6,17,0.592169657422512,24,3,7,16,0.295190713101161,23,4,13,10,0.157733537519142,8,19,3,20,0.0284005979073243,2,25,1,22,0.27536231884058,18,9,9,14,0.194847020933977,17,10,10,13,0.227642276422764,19,8,11,12,0.127465857359636,6,21,2,21
7300,7349,0.8,23,3,2,22,0.840255591054313,23,3,1,23,0.285714285714286,14,12,6,18,0.330708661417323,12,14,3,21,0.105754276827372,5,21,2,22,0.332810047095761,11,15,2,22,0.332810047095761,11,15,2,22,0.330708661417323,12,14,3,21,0.143302180685358,6,20,2,22
7350,7399,0.826689774696707,16,1,3,30,0.747048903878584,16,1,5,28,0.393414211438475,11,6,8,25,0.207188160676533,4,13,2,31,-0.0770975056689343,0,17,2,31,0.604569420035149,13,4,5,28,0.356435643564356,7,10,3,30,0.393414211438475,11,6,8,25,0.0700218818380745,2,15,2,31
7400,7449,0.88,23,1,2,24,0.879614767255217,22,2,1,25,0.557165861513688,17,7,4,22,0.262295081967213,8,16,2,24,0.0495867768595042,3,21,2,24,0.511400651465798,13,11,1,25,0.468085106382979,11,13,0,26,0.388254486133768,11,13,2,24,0.0527182866556838,4,20,3,23
7450,7499,0.840764331210191,24,0,4,22,0.880382775119617,24,0,3,23,0.290220820189274,20,4,14,12,0.473257698541329,14,10,3,23,0.0924092409240925,4,20,2,24,0.56418383518225,22,2,9,17,0.484944532488114,21,3,10,16,0.44794952681388,22,2,12,14,0.220032840722496,7,17,2,24
7500,7549,0.84,23,2,2,23,0.84,24,1,3,22,0.36,16,9,7,18,0.28,9,16,2,23,0.2,6,19,1,24,0.36,16,9,7,18,0.4,12,13,2,23,0.36,21,4,12,13,0.24,7,18,1,24
7550,7599,0.959871589085072,26,1,0,23,0.959871589085072,26,1,0,23,0.569640062597809,17,10,1,22,0.203338391502276,7,20,1,22,0.103139013452915,3,24,0,23,0.53198127925117,16,11,1,22,0.457364341085271,14,13,1,22,0.529042386185243,17,10,2,21,0.132730015082956,5,22,1,22
7600,7649,0.873949579831933,29,1,2,18,0.873949579831933,29,1,2,18,0.454545454545455,29,1,11,9,0.338235294117647,13,17,1,19,0.233576642335766,11,19,2,18,0.568965517241379,27,3,7,13,0.695652173913043,29,1,6,14,0.52991452991453,26,4,7,13,0.264705882352941,12,18,2,18
7650,7699,0.671592775041051,25,4,4,17,0.667221297836938,26,3,5,16,0.628099173553719,25,4,5,16,0.182763744427935,10,19,3,18,0.17027417027417,7,22,1,20,0.44,20,9,5,16,0.289099526066351,17,12,6,15,0.494097807757167,25,4,8,13,0.129172714078375,7,22,2,19
7700,7749,0.878836833602585,26,2,1,21,0.839228295819936,25,3,1,21,0.408783783783784,25,3,11,11,0.287856071964018,10,18,1,21,0.309815950920245,13,15,3,19,0.405705229793978,18,10,5,17,0.469820554649266,22,6,7,15,0.331103678929766,23,5,11,11,0.316109422492401,12,16,2,20
7750,7799,0.916805324459235,29,0,2,19,0.874371859296482,29,0,3,18,0.23896499238965,13,16,4,17,0.201741654571843,8,21,1,20,-0.0808926080892609,0,29,2,19,0.52,21,8,4,17,0.56828885400314,20,9,2,19,0.476650563607085,21,8,5,16,0.00709219858156041,3,26,2,19
7800,7849,0.919614147909968,22,0,2,26,0.840764331210191,22,0,4,24,0.72,20,2,5,23,0.573378839590444,12,10,0,28,0.343257443082312,7,15,0,28,0.646781789638933,21,1,8,20,0.72,20,2,5,23,0.64,19,3,6,22,0.390243902439024,8,14,0,28
7850,7899,0.878836833602585,21,1,2,26,0.878836833602585,21,1,2,26,0.48,17,5,8,20,0.1852487135506,7,15,4,24,-0.0176991150442478,2,20,3,25,0.526813880126183,19,3,9,19,0.594155844155844,17,5,5,23,0.48,17,5,8,20,-0.00700525394045526,3,19,4,24
7900,7949,0.919614147909968,22,0,2,26,0.877650897226754,20,2,1,27,0.66887417218543,16,6,2,26,0.119718309859155,4,18,2,26,0.050632911392405,1,21,0,28,0.594155844155844,17,5,5,23,0.629324546952224,16,6,3,25,0.469820554649266,15,7,6,22,0.100719424460432,2,20,0,28
7950,7999,0.96,25,1,0,24,0.959871589085072,26,0,1,23,0.428104575163399,25,1,13,11,0.44794952681388,14,12,2,22,0.261275272161742,7,19,0,24,0.594155844155844,25,1,9,15,0.59546925566343,24,2,8,16,0.59546925566343,24,2,8,16,0.299065420560748,8,18,0,24
8000,8049,0.919484702093398,26,1,1,22,0.878836833602585,26,1,2,21,0.443561208267091,18,9,5,18,0.157733537519142,8,19,3,20,0.103139013452915,3,24,0,23,0.364069952305246,17,10,6,17,0.409448818897638,16,11,4,19,0.343122102009274,12,15,2,21,0.0977443609022557,4,23,1,22
8050,8099,0.879614767255217,22,1,2,25,0.838969404186795,21,2,2,25,0.33489827856025,19,4,13,14,0.453781512605042,10,13,0,27,0.139414802065405,3,20,0,27,0.488188976377953,20,3,10,17,0.413145539906103,20,3,12,15,0.52,18,5,7,20,0.275979557069847,6,17,0,27
8100,8149,0.739583333333333,15,3,3,29,0.830508474576271,17,1,3,29,0.349157733537519,15,3,14,18,0.288256227758007,9,9,7,25,0.288617886178862,5,13,1,31,0.287856071964018,15,3,16,16,0.393939393939394,16,2,14,18,0.337748344370861,12,6,10,22,0.383301707779886,8,10,3,29
8150,8199,0.799357945425361,24,2,3,21,0.920127795527156,24,2,0,24,0.599358974358974,21,5,5,19,0.562798092209857,18,8,3,21,0.183514774494557,6,20,1,23,0.758842443729904,24,2,4,20,0.67741935483871,24,2,6,18,0.721780604133545,20,6,1,23,0.296875,9,17,1,23
8200,8249,0.72,22,3,4,21,0.84,23,2,2,23,0.68,20,5,3,22,0.36,13,12,4,21,0.2,7,18,2,23,0.52,22,3,9,16,0.36,21,4,12,13,0.52,16,9,3,22,0.32,10,15,2,23
8250,8299,0.830220713073005,17,2,2,29,0.915110356536503,18,1,1,30,0.394184168012924,14,5,10,21,0.418604651162791,10,9,4,27,0.353049907578558,8,11,3,28,0.313408723747981,13,6,11,20,0.372056514913658,15,4,12,19,0.405772495755518,12,7,7,24,0.392523364485981,8,11,2,29
8300,8349,0.739583333333333,29,3,3,15,0.692442882249561,29,3,4,14,0.271012006861064,23,9,8,10,0.458204334365325,20,12,2,16,0.0921787709497207,9,23,3,15,0.428822495606327,26,6,7,11,0.468085106382979,23,9,4,14,0.349157733537519,18,14,3,15,0.172661870503597,12,20,3,15
8350,8399,0.796747967479675,26,4,1,19,0.836065573770492,27,3,1,19,0.568965517241379,27,3,7,13,0.566929133858268,21,9,2,18,0.461538461538462,18,12,2,18,0.414414414414414,28,2,11,9,0.583333333333333,25,5,5,15,0.491525423728814,25,5,7,13,0.461538461538462,18,12,2,18
8400,8449,0.8,21,4,1,24,0.72,20,5,2,23,0.64,19,6,3,22,0.44,13,12,2,23,0.2,7,18,2,23,0.6,20,5,5,20,0.76,24,1,5,20,0.56,18,7,4,21,0.32,10,15,2,23
8450,8499,0.566929133858268,18,9,2,21,0.720893141945774,22,5,2,21,0.516908212560387,21,6,6,17,0.413145539906103,15,12,3,20,0.34715821812596,11,16,1,22,0.641148325358852,21,6,3,20,0.68,22,5,3,20,0.68,22,5,3,20,0.420401854714065,13,14,1,22
8500,8549,0.880382775119617,23,3,0,24,0.96,25,1,0,24,0.474959612277868,22,4,9,15,0.486571879936809,15,11,2,22,0.294670846394984,10,16,2,22,0.557165861513688,22,4,7,17,0.558587479935795,21,5,6,18,0.519230769230769,20,6,6,18,0.449685534591195,13,13,1,23
8550,8599,0.840764331210191,24,4,0,22,0.840764331210191,24,4,0,22,0.484944532488114,19,9,4,18,0.39209726443769,13,15,1,21,0.186390532544379,7,21,1,21,0.64,22,6,3,19,0.53125,18,10,2,20,0.517684887459807,21,7,5,17,0.287856071964018,10,18,1,21
8600,8649,0.789915966386555,28,2,3,17,0.873949579831933,29,1,2,18,0.259259259259259,28,2,14,6,0.375,18,12,4,16,0.222222222222222,12,18,3,17,0.414414414414414,28,2,11,9,0.464285714285714,28,2,10,10,0.23728813559322,22,8,10,10,0.230769230769231,15,15,5,15
8650,8699,0.957118353344768,31,0,1,18,0.916805324459235,29,2,0,19,0.781085814360771,30,1,4,15,0.537750385208012,20,11,1,18,0.45054945054945,20,11,3,16,0.597495527728086,29,2,7,12,0.740034662045061,29,2,4,15,0.500831946755408,24,7,5,14,0.45054945054945,20,11,3,16
8700,8749,0.837925445705024,20,3,1,26,0.959612277867528,22,1,0,27,0.417637271214642,11,12,2,25,0.592169657422512,16,7,3,24,0.196277495769882,6,17,2,25,0.558587479935795,18,5,6,21,0.67373572593801,17,6,2,25,0.513776337115073,16,7,5,22,0.24114671163575,7,16,2,25
8750,8799,0.917898193760263,28,1,1,20,0.877650897226754,27,2,1,20,0.5260663507109,20,9,3,18,0.418604651162791,17,12,3,18,0.150664697193501,9,20,3,18,0.462809917355372,23,6,7,14,0.469820554649266,22,7,6,15,0.52,21,8,4,17,0.281391830559758,13,16,3,18
8800,8849,0.681528662420382,20,2,6,22,0.761146496815287,21,1,5,23,0.422187981510015,20,2,13,15,0.493243243243243,12,10,2,26,0.303135888501742,7,15,1,27,0.458204334365325,20,2,12,16,0.386503067484663,20,2,14,14,0.375,18,4,12,16,0.44253859348199,10,12,1,27
8850,8899,0.879614767255217,22,2,1,25,0.83974358974359,22,2,2,24,0.401913875598086,18,6,9,17,0.555735056542811,16,8,3,23,0.217462932454695,6,18,1,25,0.442675159235669,19,5,9,17,0.600638977635783,20,4,6,20,0.519230769230769,18,6,6,20,0.304418985270049,9,15,2,24
8900,8949,0.798711755233494,25,4,1,20,0.837925445705024,26,3,1,20,0.409780775716695,24,5,9,12,0.467275494672755,16,13,1,20,0.265785609397944,10,19,1,20,0.500831946755408,24,5,7,14,0.507389162561576,23,6,6,15,0.448217317487267,25,4,9,12,0.331352154531947,12,17,1,20
8950,8999,0.959612277867528,27,1,0,22,0.959612277867528,27,1,0,22,0.632952691680261,24,4,5,17,0.380804953560372,15,13,3,19,0.357034795763994,12,16,1,21,0.54242928452579,25,3,8,14,0.590163934426229,24,4,6,16,0.26948051948052,19,9,9,13,0.39209726443769,13,15,1,21
9000,9049,0.719101123595506,32,0,6,12,0.826388888888889,30,2,2,16,0.491525423728814,25,7,5,13,0.569640062597809,22,10,1,17,0.273255813953488,14,18,2,16,0.478178368121442,30,2,9,9,0.423076923076923,30,2,10,8,0.407114624505929,31,1,11,7,0.375917767988253,16,16,1,17
9050,9099,0.839228295819936,21,1,3,25,0.761146496815287,21,1,5,23,0.54242928452579,14,8,3,25,0.617996604414262,13,9,0,28,0.247787610619469,5,17,0,28,0.326465927099841,16,6,11,17,0.437299035369775,16,6,8,20,0.32,15,7,10,18,0.25569176882662,6,16,1,27
9100,9149,0.625623960066556,26,7,2,15,0.740034662045061,29,4,2,15,0.593128390596745,29,4,5,12,0.511278195488722,20,13,0,17,0.390243902439024,16,17,0,17,0.621928166351607,31,2,6,11,0.664107485604607,32,1,6,11,0.512670565302144,31,2,8,9,0.41944847605225,17,16,0,17
9150,9199,0.871355060034305,30,1,2,17,0.957983193277311,30,1,0,19,0.605954465849387,28,3,6,13,0.537750385208012,20,11,1,18,0.529042386185243,21,10,2,17,0.785591766723842,29,2,3,16,0.605954465849387,28,3,6,13,0.630314232902033,31,0,8,11,0.572317262830482,21,10,1,18
9200,9249,0.919484702093398,22,1,1,26,0.837925445705024,20,3,1,26,0.471544715447154,15,8,5,22,0.421487603305785,12,11,3,24,0.32998324958124,9,14,2,25,0.677938808373591,19,4,4,23,0.677938808373591,19,4,4,23,0.56140350877193,19,4,7,20,0.290484140233723,9,14,3,24
9250,9299,0.88,24,1,2,23,0.96,25,0,1,24,0.36,24,1,15,10,0.52,14,11,1,24,0.36,12,13,3,22,0.6,24,1,9,16,0.4,24,1,14,11,0.36,25,0,16,9,0.44,13,12,2,23
9300,9349,0.798061389337641,25,2,3,20,0.836867862969005,27,0,4,19,0.474959612277868,21,6,7,16,0.368088467614534,16,11,5,18,0.306625577812018,11,16,2,21,0.584026622296173,27,0,10,13,0.49748743718593,27,0,12,11,0.325463743676223,26,1,15,8,0.302325581395349,12,15,3,20
9350,9399,0.904761904761905,34,1,1,14,0.951456310679612,35,0,1,14,0.438202247191011,34,1,9,6,0.6,25,10,0,15,0.260869565217391,24,11,6,9,0.615384615384615,35,0,7,8,0.67741935483871,35,0,6,9,0.550561797752809,35,0,8,7,0.390243902439024,23,12,3,12
9400,9449,0.879614767255217,22,1,2,25,0.880382775119617,23,0,3,24,0.308943089430894,13,10,7,20,0.71169686985173,16,7,0,27,0.295190713101161,10,13,4,23,0.76,21,2,4,23,0.645669291338583,22,1,8,19,0.457364341085271,22,1,13,14,0.338842975206612,11,12,4,23
9450,9499,0.878836833602585,26,2,1,21,0.918831168831169,27,1,1,21,0.493243243243243,26,2,10,12,0.613003095975232,18,10,0,22,0.535603715170279,17,11,1,21,0.448217317487267,26,2,11,11,0.453781512605042,25,3,10,12,0.356775300171527,26,2,13,9,0.499229583975347,16,12,1,21
9500,9549,0.830508474576271,17,1,3,29,0.871355060034305,17,1,2,30,0.604569420035149,13,5,4,28,0.635036496350365,12,6,2,30,0.248496993987976,5,13,2,30,0.555160142348754,12,6,4,28,0.565972222222222,13,5,5,27,0.528301886792453,13,5,6,26,0.366471734892787,7,11,2,30
9550,9599,0.87603305785124,28,2,1,19,0.796747967479675,26,4,1,19,0.608695652173913,28,2,7,13,0.360902255639098,15,15,2,18,0.306569343065693,12,18,1,19,0.576271186440678,26,4,6,14,0.615384615384615,27,3,6,14,0.621848739495798,26,4,5,15,0.233576642335766,11,19,2,18
9600,9649,0.796747967479675,26,1,4,19,0.756888168557536,25,2,4,19,0.52,20,7,5,18,0.645669291338583,19,8,1,22,0.497681607418856,14,13,0,23,0.63884430176565,22,5,4,19,0.67373572593801,25,2,6,17,0.555735056542811,22,5,6,17,0.534883720930232,15,12,0,23
9650,9699,0.76038338658147,22,2,4,22,0.840764331210191,24,0,4,22,0.249605055292259,19,5,14,12,0.471544715447154,13,11,2,24,0.180327868852459,7,17,3,23,0.403815580286168,19,5,10,16,0.330708661417323,21,3,14,12,0.44620253164557,21,3,11,15,0.348534201954397,11,13,3,23
9700,9749,0.877650897226754,20,2,1,27,0.918032786885246,20,2,0,28,0.402730375426621,10,12,2,26,0.749163879598662,16,6,0,28,0.390243902439024,8,14,0,28,0.662162162162162,14,8,0,28,0.665551839464883,15,7,1,27,0.573378839590444,12,10,0,28,0.436741767764298,9,13,0,28
9750,9799,0.880382775119617,23,3,0,24,0.96,25,1,0,24,0.363057324840764,16,10,6,18,0.565560821484992,16,10,1,23,0.1112828438949,3,23,0,24,0.375,10,16,0,24,0.44794952681388,14,12,2,22,0.411302982731554,12,14,1,23,0.22360248447205,6,20,0,24
9800,9849,0.785591766723842,16,3,2,29,0.833610648918469,18,1,3,28,0.66044142614601,15,4,4,27,0.299065420560748,7,12,3,28,0.127310061601643,2,17,0,31,0.43289224952741,8,11,1,30,0.338374291115312,7,12,2,29,0.367088607594937,9,10,4,27,0.127310061601643,2,17,0,31
9850,9899,0.880382775119617,23,3,0,24,0.96,25,1,0,24,0.759615384615385,23,3,3,21,0.605678233438486,16,10,0,24,0.148606811145511,4,22,0,24,0.761904761904762,20,6,0,24,0.840764331210191,22,4,0,24,0.600638977635783,20,6,4,20,0.299065420560748,8,18,0,24
9900,9949,0.84,24,3,1,22,0.878836833602585,26,1,2,21,0.626865671641791,27,0,9,14,0.609984399375975,17,10,0,23,0.265842349304482,11,16,3,20,0.558587479935795,21,6,5,18,0.504132231404959,25,2,10,13,0.636510500807754,23,4,5,18,0.416796267496112,14,13,2,21
9950,9999,0.720893141945774,22,5,2,21,0.720893141945774,22,5,2,21,0.56140350877193,20,7,4,19,0.529042386185243,17,10,2,21,0.306625577812018,11,16,2,21,0.523052464228935,19,8,4,19,0.558587479935795,21,6,5,18,0.488188976377953,17,10,3,20,0.416796267496112,14,13,2,21
10000,10049,0.871794871794872,30,0,3,17,0.871794871794872,30,0,3,17,0.464285714285714,28,2,10,10,0.672131147540984,25,5,3,17,0.50381679389313,18,12,1,19,0.482758620689655,26,4,8,12,0.504504504504504,29,1,10,10,0.655172413793103,28,2,6,14,0.573643410852713,20,10,1,19
10050,10099,0.838969404186795,25,2,2,21,0.919484702093398,26,1,1,22,0.5260663507109,18,9,3,20,0.684044233807267,20,7,1,22,0.34715821812596,11,16,1,22,0.715447154471545,25,2,5,18,0.67373572593801,25,2,6,17,0.602543720190779,20,7,3,20,0.420401854714065,13,14,1,22
10100,10149,0.916666666666667,29,1,1,19,0.958677685950413,29,1,0,20,0.424778761061947,27,3,10,10,0.461538461538462,18,12,2,18,0.375,18,12,4,16,0.444444444444444,30,0,12,8,0.311926605504587,28,2,13,7,0.464285714285714,28,2,10,10,0.418604651162791,18,12,3,17
10150,10199,0.636510500807754,23,4,5,18,0.798061389337641,25,2,3,20,0.53198127925117,16,11,1,22,0.38366718027735,12,15,1,22,0.310872894333844,10,17,1,22,0.44,19,8,6,17,0.636510500807754,23,4,5,18,0.56140350877193,20,7,4,19,0.34715821812596,11,16,1,22
10200,10249,0.798711755233494,20,4,1,25,0.798061389337641,19,5,0,26,0.522292993630573,20,4,8,18,0.469820554649266,12,12,1,25,0.344262295081967,9,15,1,25,0.601910828025478,21,3,7,19,0.44620253164557,21,3,11,15,0.354838709677419,14,10,6,20,0.386252045826514,10,14,1,25
10250,10299,0.879614767255217,22,2,1,25,0.879614767255217,22,2,1,25,0.44620253164557,21,3,11,15,0.342105263157895,8,16,0,26,0.129353233830846,3,21,0,26,0.72,21,3,4,22,0.642289348171701,22,2,7,19,0.720893141945774,22,2,5,21,0.132231404958678,4,20,1,25
10300,10349,0.76038338658147,22,4,2,22,0.642289348171701,19,7,2,22,0.175824175824176,9,17,4,20,0.565560821484992,16,10,1,23,0.261275272161742,7,19,0,24,0.44620253164557,15,11,3,21,0.525316455696203,16,10,2,22,0.299065420560748,8,18,0,24,0.336973478939158,9,17,0,24
10350,10399,0.833610648918469,28,3,1,18,0.871355060034305,30,1,2,17,0.734513274336283,30,1,5,14,0.416058394160584,15,16,0,19,0.416058394160584,15,16,0,19,0.745331069609508,28,3,3,16,0.745331069609508,28,3,3,16,0.66044142614601,27,4,4,15,0.447717231222386,16,15,0,19
10400,10449,0.959216965742251,28,1,0,21,0.918962722852512,27,2,0,21,0.63768115942029,23,6,3,18,0.54337899543379,17,12,0,21,0.33920704845815,11,18,0,21,0.76,24,5,1,20,0.675850891410049,24,5,3,18,0.721780604133545,23,6,1,20,0.473684210526316,15,14,0,21
10450,10499,0.781085814360771,30,4,1,15,0.773960216998192,31,3,2,14,0.564796905222437,31,3,6,10,0.43267776096823,20,14,1,15,0.22680412371134,16,18,3,13,0.518388791593695,27,7,4,12,0.396551724137931,25,9,5,11,0.724264705882353,31,3,3,13,0.253731343283582,17,17,3,13
10500,10549,0.839228295819936,25,1,3,21,0.798711755233494,25,1,4,20,0.601910828025478,19,7,3,21,0.566929133858268,15,11,0,24,0.258970358814353,8,18,1,23,0.63884430176565,22,4,5,19,0.67741935483871,24,2,6,18,0.64,21,5,4,20,0.373040752351097,11,15,1,23
10550,10599,0.720893141945774,22,2,5,21,0.680511182108626,21,3,5,21,0.365079365079365,19,5,11,15,0.437299035369775,16,8,6,20,0.146341463414634,9,15,6,20,0.598070739549839,18,6,4,22,0.558587479935795,18,6,5,21,0.398073836276083,16,8,7,19,0.313408723747981,13,11,6,20
10600,10649,0.836867862969005,27,4,0,19,0.873949579831933,29,2,1,18,0.750415973377704,27,4,2,17,0.324324324324324,12,19,0,19,0.101198402130493,4,27,0,19,0.71169686985173,26,5,2,17,0.745331069609508,28,3,3,16,0.546952224052718,24,7,4,15,0.237170596393897,9,22,0,19
10650,10699,0.871355060034305,30,2,1,17,0.957118353344768,31,1,0,18,0.719101123595506,32,0,6,12,0.375917767988253,16,16,1,17,0.193548387096774,8,24,0,18,0.822064056939502,31,1,3,15,0.913194444444444,31,1,1,17,0.625468164794007,31,1,7,11,0.301675977653631,12,20,0,18
10700,10749,0.879227053140097,26,0,3,21,0.919871794871795,25,1,1,23,0.442675159235669,17,9,5,19,0.332810047095761,11,15,2,22,0.221183800623053,7,19,1,23,0.758842443729904,24,2,4,20,0.681528662420382,20,6,2,22,0.520766773162939,19,7,5,19,0.221183800623053,7,19,1,23
10750,10799,0.826689774696707,30,1,3,16,0.957118353344768,31,0,1,18,0.646017699115044,29,2,6,13,0.362818590704648,16,15,2,17,0.195804195804196,9,22,1,18,0.781085814360771,30,1,4,15,0.705882352941176,27,4,3,16,0.740034662045061,29,2,4,15,0.22425952045134,10,21,1,18
10800,10849,0.958677685950413,29,0,1,20,0.916805324459235,29,0,2,19,0.702886247877759,28,1,6,15,0.42572741194487,16,13,2,19,0.224519940915805,10,19,2,19,0.671592775041051,25,4,4,17,0.710743801652893,26,3,4,17,0.710743801652893,26,3,4,17,0.357034795763994,14,15,2,19
10850,10899,0.781085814360771,30,1,4,15,0.868651488616462,31,0,3,16,0.776386404293381,31,0,5,14,0.470499243570348,18,13,1,18,0.362818590704648,16,15,2,17,0.699828473413379,28,3,4,15,0.686940966010734,30,1,6,13,0.579439252336449,31,0,9,10,0.470499243570348,18,13,1,18
10900,10949,0.706867671691792,27,2,5,16,0.706867671691792,27,2,5,16,0.432739059967585,21,8,6,15,0.37597503900156,17,12,4,17,0.257057949479941,11,18,2,19,0.6,22,7,3,18,0.6,22,7,3,18,0.409780775716695,24,5,9,12,0.39117199391172,15,14,2,19
10950,10999,0.798061389337641,26,0,5,19,0.838709677419355,26,0,4,20,0.551386623164763,26,0,11,13,0.407582938388626,14,12,3,21,0.180967238689548,7,19,2,22,0.676375404530744,25,1,7,17,0.552845528455285,25,1,10,14,0.429967426710098,24,2,12,12,0.175824175824176,9,17,4,20
11000,11049,0.681528662420382,20,2,6,22,0.798061389337641,20,2,3,25,0.522292993630573,18,4,8,20,0.581939799331104,14,8,2,26,0.408783783783784,11,11,3,25,0.56,18,4,7,21,0.517684887459807,17,5,7,21,0.44794952681388,18,4,10,18,0.453781512605042,12,10,3,25
11050,11099,0.798061389337641,20,3,2,25,0.756888168557536,19,4,2,25,0.32998324958124,9,14,2,25,0.546952224052718,14,9,2,25,0.235993208828523,6,17,1,26,0.507389162561576,14,9,3,24,0.546952224052718,14,9,2,25,0.401913875598086,17,6,9,18,0.369747899159664,9,14,1,26
11100,11149,0.68,23,2,6,19,0.68,23,2,6,19,0.32,24,1,16,9,0.28,11,14,4,21,0.24,10,15,4,21,0.64,24,1,8,17,0.56,23,2,9,16,0.56,23,2,9,16,0.32,12,13,4,21
11150,11199,0.785591766723842,29,3,2,16,0.706867671691792,27,5,2,16,0.614065180102916,27,5,4,14,0.362818590704648,17,15,2,16,0.0591397849462365,6,26,2,16,0.514563106796116,23,9,3,15,0.549918166939444,24,8,3,15,0.586092715231788,25,7,3,15,0.151967435549525,8,24,1,17
11200,11249,0.874371859296482,29,3,0,18,0.915254237288135,30,2,0,18,0.661016949152542,27,5,3,15,0.406528189910979,17,15,1,17,0.0591397849462365,6,26,2,16,0.66887417218543,26,6,2,16,0.66887417218543,26,6,2,16,0.371859296482412,23,9,6,12,0.135546334716459,9,23,2,16
11250,11299,0.918962722852512,27,2,0,21,1,29,0,0,21,0.706867671691792,27,2,5,16,0.467275494672755,16,13,1,20,0.233576642335766,9,20,1,20,0.753694581280788,26,3,3,18,0.714518760195759,25,4,3,18,0.623115577889447,26,3,6,15,0.233576642335766,9,20,1,20
11300,11349,0.839228295819936,25,3,1,21,0.840764331210191,24,4,0,22,0.714518760195759,25,3,4,18,0.322289156626506,11,17,1,21,0.294205052005944,9,19,0,22,0.632952691680261,24,4,5,17,0.594155844155844,23,5,5,17,0.632952691680261,24,4,5,17,0.294205052005944,9,19,0,22
11350,11399,0.96,25,1,0,24,0.880382775119617,23,3,0,24,0.440894568690096,18,8,6,18,0.33489827856025,10,16,1,23,0.299065420560748,8,18,0,24,0.641148325358852,20,6,3,21,0.681528662420382,20,6,2,22,0.64,21,5,4,20,0.375,10,16,0,24
11400,11449,0.740034662045061,29,2,4,15,0.789915966386555,28,3,2,17,0.508050089445438,28,3,8,11,0.45054945054945,20,11,3,16,0.0922844175491678,13,18,6,13,0.44547134935305,29,2,10,9,0.469026548672566,27,4,8,11,0.378585086042065,30,1,12,7,0.229583975346687,16,15,5,14
11450,11499,0.782608695652174,30,0,5,15,0.793388429752066,27,3,2,18,0.471544715447154,22,8,5,15,0.166666666666667,13,17,5,15,0,6,24,4,16,0.5,24,6,6,14,0.700854700854701,28,2,5,15,0.380165289256198,22,8,7,13,0,6,24,4,16
11500,11549,0.800637958532695,23,1,4,22,0.759615384615385,21,3,3,23,0.514563106796116,15,9,3,23,0.429967426710098,12,12,2,24,0.177631578947368,6,18,2,24,0.600638977635783,20,4,6,20,0.520766773162939,19,5,7,19,0.115755627009646,12,12,10,16,0.304418985270049,9,15,2,24
11550,11599,0.864376130198915,32,1,2,15,0.810964083175803,33,0,4,13,0.527410207939508,30,3,7,10,0.405646359583952,18,15,1,16,0.193548387096774,12,21,2,15,0.604569420035149,28,5,4,13,0.554367201426025,28,5,5,12,0.392220421393841,22,11,4,13,0.246771879483501,14,19,2,15
11600,11649,0.757281553398058,33,3,2,12,0.900793650793651,35,1,1,13,0.714828897338403,32,4,2,12,0.338235294117647,19,17,1,13,0.171270718232044,14,22,2,12,0.726277372262774,31,5,1,13,0.809885931558935,33,3,1,13,0.649122807017544,29,7,1,13,0.312590448625181,18,18,1,13
11650,11699,0.84,24,1,3,22,0.84,24,1,3,22,0.52,18,7,5,20,0.36,10,15,1,24,0.04,7,18,6,19,0.68,24,1,7,18,0.64,22,3,6,19,0.64,22,3,6,19,0.16,11,14,7,18
11700,11749,0.87603305785124,28,1,2,19,0.916805324459235,29,0,2,19,0.578414839797639,26,3,7,14,0.281391830559758,13,16,3,18,0.129172714078375,7,22,2,19,0.658119658119658,28,1,7,14,0.607329842931937,29,0,9,12,0.487179487179487,26,3,9,12,0.192364170337739,9,20,2,19
11750,11799,0.629324546952224,26,1,8,15,0.753694581280788,27,0,6,17,0.631751227495908,25,2,7,16,0.405705229793978,17,10,5,18,0.306625577812018,11,16,2,21,0.675850891410049,24,3,5,18,0.715447154471545,25,2,5,18,0.589490968801314,25,2,8,15,0.420401854714065,13,14,1,22
11800,11849,0.92,24,1,1,24,0.92,25,0,2,23,0.56,20,5,6,19,0.56,16,9,2,23,0.12,4,21,1,24,0.72,22,3,4,21,0.64,23,2,7,18,0.36,14,11,5,20,0.2,6,19,1,24
11850,11899,0.878836833602585,26,1,2,21,0.919484702093398,26,1,1,22,0.468085106382979,23,4,9,14,0.724409448818898,20,7,0,23,0.420401854714065,13,14,1,22,0.592169657422512,24,3,7,16,0.552845528455285,23,4,7,16,0.343185550082102,22,5,11,12,0.53198127925117,16,11,1,22
11900,11949,0.692442882249561,29,3,4,14,0.706867671691792,27,5,2,16,0.340949033391916,25,7,8,10,0.349157733537519,18,14,3,15,0.287856071964018,16,16,3,15,0.466192170818505,27,5,7,11,0.452554744525547,28,4,8,10,0.344569288389513,28,4,10,8,0.318181818181818,17,15,3,15
11950,11999,0.604569420035149,28,4,5,13,0.684684684684685,30,2,5,13,0.377224199288256,26,6,8,10,0.162011173184358,10,22,2,16,0.0522875816993464,4,28,1,17,0.361313868613139,27,5,9,9,0.344569288389513,28,4,10,8,0.271012006861064,23,9,8,10,0.126344086021505,7,25,1,17
12000,12049,0.392220421393841,22,4,11,13,0.311183144246353,21,5,12,12,0.185667752442997,21,5,15,9,0.326465927099842,14,12,5,19,0.140625,7,19,3,21,0.264705882352941,23,3,15,9,0.431818181818182,23,3,11,13,0.348534201954397,23,3,13,11,0.173228346456693,10,16,5,19
12050,12099,0.08,17,8,15,10,-0.12,14,11,17,8,0.04,18,7,17,8,0.28,9,16,2,23,0.2,5,20,0,25,0.16,19,6,15,10,-0.04,12,13,13,12,0.16,19,6,15,10,0.2,6,19,1,24
12100,12149,0.0310077519379844,13,8,17,12,0.432739059967585,15,6,8,21,0.141965678627145,14,7,15,14,0.258289703315881,8,13,4,25,0.0958408679927666,4,17,3,26,0.0455212922173275,17,4,22,7,0.21996879875195,15,6,14,15,0.14050822122571,17,4,19,10,0.14721723518851,5,16,3,26
12150,12199,0.0461049284578696,13,14,10,13,0.330708661417323,15,12,5,18,0.00950871632329631,12,15,10,13,0.122137404580153,7,20,3,20,-0.0180995475113122,3,24,3,20,-0.163723916532905,12,15,14,9,0.1112828438949,9,18,5,18,0.189627228525122,18,9,11,12,0.0166414523449319,4,23,3,20
12200,12249,0.32,16,8,9,17,0.330708661417323,21,3,14,12,-0.0124610591900312,20,4,22,4,0.0680713128038898,9,15,8,18,0.029126213592233,9,15,9,17,0.173228346456693,19,5,16,10,0.330708661417323,21,3,14,12,0.249605055292259,19,5,14,12,0.0710823909531503,10,14,9,17
12250,12299,0.145299145299145,22,7,13,8,0.52,21,8,4,17,0.046793760831889,22,7,15,6,0.0755007704160247,12,17,7,14,0.141965678627145,14,15,7,14,0.316239316239316,24,5,11,10,0.288107202680067,22,7,10,11,0.182444061962134,23,6,13,8,0.0973312401883829,14,15,8,13
12300,12349,0.452554744525547,28,4,8,10,0.652777777777778,28,4,4,14,0.100156494522692,16,16,7,11,0.016282225237449,6,26,3,15,0.00513478818998703,2,30,1,17,0.491682070240296,29,3,8,10,0.555160142348754,28,4,6,12,0.322033898305085,23,9,7,11,0.0522875816993464,4,28,1,17
12350,12399,0.713584288052373,26,1,6,17,0.796747967479675,26,1,4,19,0.265905383360522,20,7,11,12,0.247226624405705,15,12,7,16,0.302325581395349,12,15,3,20,0.317817014446228,18,9,8,15,0.45054945054945,16,11,3,20,0.322169059011164,17,10,7,16,0.224806201550388,11,16,4,19
12400,12449,0.792013311148086,28,0,5,17,0.876441515650741,28,0,3,19,0.408783783783784,25,3,11,11,-0.303680981595092,5,23,11,11,-0.0869565217391304,5,23,6,16,0.533106960950764,27,1,10,12,0.66887417218543,26,2,6,16,0.621848739495798,27,1,8,14,-0.0968229954614221,6,22,7,15
12450,12499,0.84,24,1,3,22,0.84,24,1,3,22,0.32,21,4,13,12,0.28,13,12,6,19,0.32,10,15,2,23,0.32,20,5,12,13,0.28,17,8,10,15,0.48,21,4,9,16,0.36,12,13,3,22
12500,12549,0.798711755233494,20,1,4,25,0.877650897226754,20,1,2,27,0.315619967793881,14,7,10,19,0.0495867768595041,9,12,11,18,0.108658743633277,8,13,8,21,0.513776337115073,16,5,7,22,0.545454545454545,15,6,5,24,0.877650897226754,20,1,2,27,0.0368509212730318,8,13,10,19
12550,12599,0.710743801652893,26,3,4,17,0.790619765494137,28,1,4,17,0.334442595673877,22,7,9,12,0.0755007704160247,12,17,7,14,-0.0461760461760463,4,25,4,17,0.507389162561576,23,6,6,15,0.476650563607085,21,8,5,16,0.368088467614534,18,11,5,16,0.00295420974889216,7,22,5,16
12600,12649,0.789915966386555,28,2,3,17,0.830508474576271,29,1,3,17,0.385964912280702,26,4,10,10,0.122137404580153,13,17,6,14,0.0740740740740741,10,20,5,15,0.390243902439024,21,9,6,14,0.406779661016949,24,6,8,12,0.406779661016949,24,6,8,12,0.104477611940298,11,19,5,15
12650,12699,0.876441515650741,19,3,0,28,0.918032786885246,20,2,0,28,0.598070739549839,18,4,6,22,0.043261231281198,8,14,9,19,0.108658743633277,7,15,6,22,0.551386623164763,16,6,5,23,0.551386623164763,16,6,5,23,0.636510500807754,18,4,5,23,0.117647058823529,8,14,7,21
12700,12749,0.88,24,2,1,23,0.83974358974359,24,2,2,22,0.350649350649351,22,4,12,12,0.0506329113924051,10,16,8,16,-0.141732283464567,6,20,9,15,0.354838709677419,20,6,10,14,0.516129032258065,22,4,8,16,0.555735056542811,23,3,8,16,-0.10410094637224,7,19,9,15
12750,12799,0.838969404186795,25,2,2,21,0.719101123595506,23,4,3,20,0.229583975346687,10,17,3,20,-0.0140405616224648,9,18,8,15,0.0922844175491678,5,22,2,21,0.293563579277865,14,13,5,18,0.256651017214398,13,14,5,18,0.523052464228935,19,8,4,19,0.157733537519142,8,19,3,20
12800,12849,0.84,22,3,1,24,0.8,21,4,1,24,0.36,20,5,11,14,0.16,13,12,9,16,-0.16,4,21,8,17,0.48,20,5,8,17,0.44,18,7,7,18,0.56,17,8,3,22,-0.16,4,21,8,17
12850,12899,0.834437086092715,28,4,0,18,0.834437086092715,28,4,0,18,0.399260628465804,28,4,9,9,-0.0646108663729807,10,22,7,11,-0.0431654676258995,9,23,6,12,0.491682070240296,29,3,8,10,0.383301707779886,29,3,10,8,0.584103512014787,30,2,7,11,-0.0174418604651161,10,22,6,12
12900,12949,0.84,22,1,3,24,0.68,20,3,5,22,0.398073836276083,16,7,8,19,0.156829679595278,6,17,3,24,0.145299145299145,4,19,1,26,0.481658692185008,18,5,8,19,0.401913875598086,17,6,9,18,0.390243902439024,14,9,6,21,0.105621805792163,4,19,2,25
12950,12999,0.841017488076312,23,4,0,23,0.92,25,2,0,23,0.289099526066351,15,12,6,17,0.21996879875195,12,15,5,18,0.122137404580153,7,20,3,20,0.53198127925117,16,11,1,22,0.607535321821036,18,9,1,22,0.297971918876755,13,14,4,19,0.0399385560675883,7,20,5,18
